,area,Eccentridity,Extent,Contour Perimeter,Solidity,Equivalent Diameter,Perimeter Area Ratio
0,4.5,0.358194987437572,0.375,8.242640614509583,1.0,2.393653682408596,1.8316979143354628
1,577797.5,0.7187916249825823,0.6900030332559495,3547.4267424345016,0.9681293391541985,857.714769517883,0.00613956748243892
2,635124.0,0.7185592541098291,0.5482731472848944,3697.188280940056,0.975753795478917,899.2580233783714,0.005821207009875325
3,771719.5,0.7468377136743408,0.5094026205485329,4135.185311079025,0.975082760537754,991.2536430416018,0.0053584045901121135
4,807723.5,0.7014277172185271,0.5562834022038567,4139.847217321396,0.9767973540046679,1014.1131600624716,0.005125327190952592
5,750600.0,0.7483760675373179,0.5260280884702716,3974.433005928993,0.9831260159034321,977.5958276702153,0.005295008001504121
6,769408.0,0.6725053124077309,0.582562673672893,3937.95782828331,0.9759218458861149,989.7679988944844,0.005118165951333116
7,130.5,0.7078240727156934,0.6525,49.55634891986847,0.9595588235294118,12.890219570974683,0.37974213731699974
8,693335.5,0.7201600850428791,0.5199732864558881,3858.9111474752426,0.975556751546874,939.5648867261518,0.005565719839060949
9,706243.5,0.6997546431785927,0.5403343715499572,3872.803501367569,0.9863839355859174,948.2706113827254,0.005483666046296453
10,853657.5,0.6969080168729647,0.5623922856781457,4167.9060916900635,0.9825080234860687,1042.5499924031255,0.004882410207477898
11,757705.5,0.7001734486682711,0.5577515642252484,3953.313167333603,0.9811311348576127,982.2120982065578,0.0052174798352837655
12,830232.5,0.7146365272122964,0.5329108683372702,4237.303062319756,0.9725267838526109,1028.1463175659076,0.005103754746194296
13,751451.5,0.7253607163678282,0.5470034795015141,3960.5680035352707,0.9852724063963582,978.1501754590422,0.005270557053296548
14,186.5,0.5793882822744977,0.6216666666666667,56.041630029678345,0.9688311688311688,15.40971041561482,0.30049131383205546
15,808836.5,0.7333313444721035,0.5010912864355853,4304.332501769066,0.9736618772239851,1014.8116165206144,0.005321634844333887
16,808985.0,0.6936619043984324,0.5268578759874698,4124.398517489433,0.9747183023923814,1014.9047704575911,0.005098238555089938
17,94.5,0.35395520942102626,0.7269230769230769,37.899494767189026,0.9792746113989638,10.969099187147178,0.40105285467924895
18,905.0,0.544779190524289,0.6487455197132617,123.39696824550629,0.9741657696447793,33.94527637220416,0.13635024115525557
19,22.5,0.13002184374008444,0.625,18.242640614509583,0.9782608695652174,5.352372348458314,0.810784027311537
20,650702.5,0.7036683851778109,0.5678284984759356,3705.4654029607773,0.9735080265106746,910.2198387521732,0.005694561497705599
21,619522.0,0.7160159624738669,0.5050367371627807,3678.8451347351074,0.97178549636162,888.1440813479632,0.005938199345196954
22,815715.0,0.7303285090319256,0.5269589080387372,4213.805588126183,0.9727731096445514,1019.1175571216714,0.005165781661641851
23,625900.0,0.7399553563747202,0.4906895210857731,3799.5558075904846,0.9607355559648799,892.7041117020457,0.0060705477034518045
24,661352.0,0.7181257480514102,0.5023371691162508,3825.6146849393845,0.9769028572863497,917.6380110859017,0.0057845363512008495
25,889521.5,0.7066002083649293,0.540085913782635,4325.185318112373,0.980194921291534,1064.2245767187203,0.004862372992797109
26,748705.0,0.7125520458435891,0.5244177999674999,4028.6685044765472,0.9832383086102708,976.3610056433737,0.005380848938469153
27,838373.0,0.7190847277866748,0.5221510275819717,4242.0309871435165,0.9736375429260934,1033.1745529378145,0.005059837312441498
28,2.5,0.8394781812299541,0.20833333333333334,8.242640614509583,0.8333333333333334,1.7841241161527712,3.297056245803833
29,811689.0,0.7094106517972184,0.5642865783205903,4029.8400826454163,0.987097750999181,1016.5994947994709,0.0049647587717037145
30,718031.0,0.7307403979345757,0.5227366045428072,3949.3304119110107,0.9830015161938401,956.1513810823752,0.005500222708923446
31,501281.5,0.772015537061858,0.5417151162790698,3408.0440559387207,0.9740562692248651,798.9063955459109,0.0067986631382540965
32,751038.5,0.7230743977881167,0.5226848198117318,3999.1954181194305,0.9820590538980254,977.8813413797093,0.005324887363456641
33,579873.5,0.7033247106679236,0.5563424401513581,3492.4115846157074,0.981573704336286,859.2542529100367,0.006022712858262547
34,743763.0,0.7358750100176603,0.52971516600538,4029.6146820783615,0.985570179652224,973.133322577569,0.005417874621456514
35,460034.5,0.7602484062804984,0.4426473135247479,3346.5192263126373,0.9634553199688366,765.332684093962,0.007274496209116137
36,708081.0,0.7060104246413731,0.5312732593037215,3945.4725471735,0.9804561230303983,949.5034123559634,0.005572063855933855
37,615301.0,0.7354481076601184,0.5229429922523313,3712.0999672412872,0.9656726150726608,885.1133063710489,0.006032982178220557
38,820019.5,0.7191092179570973,0.5240561621467897,4162.048233509064,0.9875868107304777,1021.8029432595876,0.005075547878445651
39,747372.0,0.7523630594233072,0.5039636193954368,4055.805590391159,0.9770903345620415,975.4914582034064,0.005426756140705243
40,792422.5,0.6628046363409662,0.5627980724500268,4045.087770819664,0.9814691646106437,1004.4618773940101,0.0051047108970526
41,686532.5,0.6822423386469798,0.5560705613252401,3807.7151901721954,0.9677377294127597,934.9440238569864,0.005546299978766039
42,799370.0,0.7322124194593171,0.5058615441569659,4258.315258979797,0.973316798259312,1008.8555371682048,0.005327089156435439
43,776729.0,0.7076557821424743,0.5503630333103522,4058.006602883339,0.9745701518137156,994.4657250718087,0.005224481901516924
44,509847.5,0.7505283154429401,0.5261453792682121,3472.529332280159,0.9636755751414522,805.7034186252165,0.006810917641608832
45,432918.0,0.72952591649744,0.655810169861254,3140.9931948184967,0.960535161580191,742.4340490761838,0.007255399855904575
46,457445.5,0.7145268674661281,0.5339747630387076,3154.9902304410934,0.9811131974910536,763.1760610508882,0.006896975116032606
47,837672.0,0.6942790231598753,0.5420653399200431,4158.57513988018,0.9815684645503904,1032.7425215983862,0.004964443290309549
48,563557.5,0.737354592995209,0.5286640844350344,3516.2938327789307,0.9717564149209311,847.0795090970425,0.006239458853407027
49,503455.0,0.6856610340173501,0.5857022365703982,3120.9486013650894,0.9886011074892982,800.6365061590942,0.006199061686476625
50,813712.0,0.6941028705148602,0.5545263731770479,4110.124348521233,0.9820453807617529,1017.8655591115846,0.005051079925724621
51,699807.0,0.7268446712861144,0.4981506395882717,3976.207615375519,0.972112134888586,943.9395881530131,0.005681863164237452
52,792696.5,0.6857723625532156,0.560572030677081,4000.970018386841,0.9837299750436519,1004.6355213574508,0.005047291136502862
53,718800.5,0.7103956095874634,0.5468059646539027,3858.6268779039383,0.9815649449918442,956.6635884026356,0.005368147181177446
54,850157.5,0.6831178594581396,0.553812455214644,4154.935531258583,0.9794390466869699,1040.4105671575928,0.004887253869146109
55,748544.0,0.7412679911990754,0.4873523705353074,4145.403576493263,0.9591756059525617,976.2560226570885,0.005537955786825174
56,839725.5,0.7050129458858737,0.5284240327780341,4224.959916949272,0.9766623516645324,1034.0075982905091,0.005031358362880813
57,738846.0,0.742336730808614,0.515798666742063,4040.266481399536,0.9811484618387819,969.911307630443,0.005468347235282503
58,721664.5,0.7136673715794297,0.5552649275665628,3882.401485681534,0.9815266162255677,958.5675664404304,0.005379787263585134
59,715888.0,0.749236704648841,0.498887780075932,4029.9477244615555,0.967046386314423,954.7234736830169,0.0056292991703472545
60,607005.5,0.7396316232534517,0.5178653391688636,3699.38214802742,0.9830876446275638,879.1265019732598,0.006094478794718368
61,519543.0,0.766621097499097,0.4525655599545294,3558.24209523201,0.9649382174915169,813.3281581196735,0.006848792294828358
62,433977.5,0.7402655512246992,0.619147045060263,3202.917073249817,0.9609850829224762,743.3419902879859,0.007380375879509461
63,937057.0,0.06421236348214615,0.684546338484286,3839.6045805215836,0.976091382429028,1092.290267314919,0.004097514431375662
64,916889.5,0.03259845259479321,0.6882314748093437,3788.273624420166,0.9680131800795407,1080.4721049395264,0.004131657767288388
65,856165.0,0.08509041906704123,0.7180182824555519,3708.231993198395,0.9613906485722001,1044.0800423426265,0.0043312118495831935
66,902649.0,0.06559070527102219,0.7084434084434085,3691.2370500564575,0.9816587893169653,1072.0486937707867,0.0040893382145844705
67,886451.5,0.04025620237030383,0.7112979390087824,3845.6705969572067,0.9523165710000784,1062.3865136050072,0.004338275243436563
68,887827.0,0.03573642222655147,0.6993693421181156,3752.2908729314804,0.9642972156465988,1063.21044261406,0.004226376166676031
69,868492.5,0.057696015167448544,0.6918527953962116,3663.1365469694138,0.9765738323179577,1051.5697767176,0.004217810225153831
70,790744.0,0.04848631312898488,0.679828603656272,3526.5162678956985,0.9661724070307828,1003.3974937989738,0.004459744579656246
71,894640.0,0.011585049338151123,0.6865105857255769,3817.43805706501,0.9624152034579132,1067.2820743842117,0.004267010257829976
72,743083.0,0.12955551211711228,0.7276417151625358,3413.212659716606,0.9655074292240617,972.6883676802345,0.004593312805859649
73,915559.5,0.1143861967920858,0.7212116987035575,3701.5629589557648,0.9887075446279845,1079.688177650359,0.004042951833229588
74,817180.5,0.08552131899582055,0.6866272538371633,3621.5284591913223,0.9649608816637116,1020.032611138709,0.004431736267802918
75,947046.5,0.17172215183885808,0.714973312496697,3896.661369562149,0.9675641822670642,1098.0970150688095,0.004114540700548652
76,856391.5,0.038895341300140385,0.7405092132227689,3649.0532805919647,0.9689950197642323,1044.2181398419887,0.0042609639173111415
77,835225.0,0.05327376075809058,0.7215099770474781,3654.5507521629333,0.9643182894022837,1031.2329992544974,0.0043755284530071934
78,799966.5,0.05702148373253342,0.7101962709583257,3594.935531258583,0.9592309763042041,1009.2318773519698,0.004493857594359993
79,992520.5,0.12731878362354399,0.7829943452014679,3930.7690113782883,0.9690770720124118,1124.151390854593,0.003960390754023003
80,918360.5,0.055401266348803595,0.7083901249995179,3759.1121550798416,0.9801883293442094,1081.3384784251211,0.0040932859754746
81,810230.0,0.1327734590891365,0.7130078188594233,3640.491878271103,0.9562103277985259,1015.6854219347499,0.0044931585824656
82,810721.5,0.12876430088757929,0.7141171589689926,3638.533512234688,0.9561099727279428,1015.9934416948803,0.004488019020384543
83,922058.5,0.07638415822456422,0.6943284793664993,3836.959912419319,0.969985992902299,1083.5134262016263,0.00416129769685906
84,803767.5,0.08530444651622172,0.7167075950179764,3557.621823787689,0.9662972476005394,1011.62669289265,0.004426182725461889
85,766295.0,0.053440323337695175,0.6933340692270944,3452.8350254297256,0.9722581709297604,987.7636847611029,0.004505882232599359
86,1003892.5,0.13554163383846676,0.7275226505531649,3888.3081154823303,0.9848576635085388,1130.5731421111348,0.0038732315616286906
87,871689.0,0.03975447229022739,0.7034628855496554,3680.7862545251846,0.9763202666574077,1053.5031587568446,0.00422259114721556
88,816709.0,0.11703403427458696,0.6849384803372742,3599.6045826673508,0.9653194460614348,1019.7382974769115,0.004407450612969064
89,773389.0,0.043975997829902524,0.6763166018236497,3543.2370513677597,0.9651515917303277,992.3252784562039,0.0045814422643298
90,713006.0,0.09079075236323486,0.7252850763424782,3327.6491750478745,0.9729726041604122,952.7997873810842,0.004667070368338941
91,627486.5,0.09689717402004133,0.7397720627764626,3160.328322172165,0.962107482367372,893.8347865167593,0.005036488151015464
92,821207.0,0.0871058103486659,0.7438469202898551,3511.624786257744,0.9872922670379201,1022.5425305645379,0.0042761749306298455
93,653490.0,0.11836889060382086,0.7486338797814208,3215.198385000229,0.9612691594833926,912.1673695594365,0.004920042211816905
94,581348.0,0.06408070136549816,0.7481571090291362,3033.4338846206665,0.963746048271186,860.3460134461584,0.005217931229866907
95,921534.5,0.01620366543724875,0.7381706868695446,3792.651264309883,0.9701772468000615,1083.205505542575,0.004115582503215976
96,867821.5,0.06304182691479243,0.6891886311312087,3705.018795132637,0.9712596852157972,1051.163475188986,0.004269332800734525
97,822767.5,0.04208536859995839,0.6924498273856714,3632.3325012922287,0.9631116477550407,1023.5136135503465,0.004414773920083412
98,783465.0,0.06142808860663693,0.7257551293773048,3472.6096311807632,0.9721169272536191,998.7685517255408,0.004432373662104578
99,992582.0,0.13580723757849622,0.6797761889108043,4067.937620997429,0.9646092950527648,1124.1862184675265,0.004098339100444526
100,870527.0,0.1733028876356193,0.7242586251077411,3667.3547996282578,0.968931164612459,1052.8007414319516,0.0042127984538426234
101,809000.5,0.08480430024465394,0.7531541218637993,3530.519226551056,0.9718068087698003,1014.9144931029998,0.004364050734889603
102,977651.0,0.11311524762266348,0.6834005793503001,3915.2025586366653,0.9755277638220413,1115.698845634375,0.0040047036812079825
103,820443.0,0.0757041801893667,0.6993629856563089,3604.8451327085495,0.9677471863493934,1022.0667648452087,0.004393778888610847
104,766579.0,0.08198709153855341,0.7074496507413843,3520.634020090103,0.9568470862546511,987.9467075523539,0.004592656490838
105,879961.0,0.007471580461951723,0.6842583282983685,3753.923341870308,0.9645554024621368,1058.4900297238037,0.004266011041251042
106,709704.5,0.18594444941801375,0.7252687677560448,3377.6319288015366,0.959737138900684,950.591307806092,0.004759208838046732
107,958822.5,0.0552105566639255,0.6686489257097429,3911.6462070941925,0.9742799383620836,1104.903038000091,0.00407963539351047
108,929324.0,0.05127903552424385,0.7357765159312523,3761.7223304510117,0.9794962464856091,1087.7739042059522,0.004047804996374796
109,860488.0,0.020162508552128575,0.7132071562073924,3595.7568222284317,0.9800557859405307,1046.7126393476246,0.004178741391197125
110,865908.5,0.06478029612979824,0.7044459630411526,3705.788345336914,0.9617230433642983,1050.0042591924605,0.004279653503039772
111,863239.5,0.06874402359118427,0.704705440563608,3716.81778216362,0.9608482280997402,1048.3847900353235,0.004305662312908087
112,806663.0,0.047216440517592544,0.6821166796889534,3610.8350301980972,0.9628646866577383,1013.4472018189703,0.004476262119618846
113,904430.0,0.059348704676447754,0.7076717713742023,3750.2076078653336,0.9749474624880278,1073.1057922892892,0.0041464874096008904
114,766856.5,0.08342332145139604,0.7144874293764255,3448.5680025815964,0.9711316053580531,988.1255086967446,0.004497018676351568
115,762058.5,0.11683556250051688,0.7495765512682806,3436.8034994602203,0.96912456109785,985.0294501189094,0.004509894580875642
116,826802.5,0.004380775966900888,0.7189837037810011,3561.4309161901474,0.9756725724494877,1026.020291556602,0.004307474779273342
117,887488.5,0.05443158566858511,0.7178004691038499,3723.7639620304108,0.9723285406501593,1063.0077392463766,0.00419584474844509
118,847927.5,0.12271568171672007,0.7124142068211091,3711.8472241163254,0.9550260289370598,1039.0451501587527,0.004377552590423503
119,868908.5,0.08991951341963503,0.7008112199673996,3674.9111446142197,0.9767681196076778,1051.8215927411422,0.004229341921058684
120,861942.0,0.10018888699313072,0.7448211142478658,3631.4725482463837,0.9749438408133072,1047.5966015924812,0.004213128665555668
121,821122.0,0.007737187127864955,0.6969091029455948,3594.5019878149033,0.9692775233621969,1022.4896094591995,0.004377549240934846
122,967133.5,0.040811323170521406,0.6799369651156822,3931.8716048002243,0.9726826545441745,1109.6813133679977,0.004065490032968793
123,844689.0,0.07309673827163127,0.7175864925135393,3595.923344016075,0.9774089127384757,1037.0590329401698,0.0042570973979962744
124,779990.5,0.05964113583217176,0.6970648742944366,3487.774070262909,0.9730438617337732,996.5514282352677,0.00447155967958957
125,843826.0,0.10080773510671244,0.7420324978763294,3591.4725477695465,0.9744444290472033,1036.5291274613046,0.004256176685441722
126,855966.0,0.044921488960876735,0.6940480582504591,3723.1294050216675,0.9578822798727622,1043.9586965722247,0.004349623004911022
127,753001.0,0.14318603923287518,0.7242316230076443,3467.2227635383606,0.9608465135864538,979.158133513235,0.004604539387780841
128,893382.0,0.030720649653672206,0.7067929119916708,3731.2959266901016,0.978798302023537,1066.5314298953356,0.004176596267543001
129,858925.0,0.013534696527802459,0.71406540711933,3698.776157140732,0.9685607497923727,1045.7615770153584,0.0043062853650094384
130,844215.0,0.0938381553235637,0.719111220900023,3687.2126607894897,0.9578619702537063,1036.7680175712383,0.004367622774754641
131,884581.0,0.08354248045002818,0.7241582277962882,3683.756816267967,0.9751580697276147,1061.2650515876678,0.004164408704536913
132,805080.0,0.16293341502784264,0.7165578734319622,3584.099966287613,0.960910351198721,1012.4523162477257,0.004451855674327536
133,824491.0,0.09663850589129969,0.7557384502288781,3572.9040038585663,0.9691411282359911,1024.585060147882,0.004333466349370176
134,885635.0,0.08325745583132856,0.7243510051854154,3684.2420967817307,0.9754194325036648,1061.8971250556835,0.004160000560932812
135,485315.0,0.1587742619255811,0.39245281493102163,5562.658401012421,0.5506867485806326,786.0803073815968,0.01146195440283614
136,517560.5,0.10602653891525704,0.3854447027842611,5898.724413514137,0.5336913201515816,811.7749043872342,0.011397168859513307
137,593346.5,0.1686373178905518,0.4521045252626847,5408.484736323357,0.6282541874153597,869.1790537801761,0.00911522143692321
138,443896.0,0.14781679072678516,0.380145910889707,5642.741659402847,0.5064233287679907,751.7884948240162,0.012711855162927459
139,507473.5,0.17660267618532094,0.3933079898005844,5904.204640984535,0.5201786022711723,803.8254338506338,0.011634508286609124
140,485549.0,0.16246537618901075,0.39167285105833766,5583.379179120064,0.5289279695681965,786.2697932049873,0.011499105505561876
141,496856.5,0.10035608230765267,0.39226029289859077,5729.185312867165,0.5260131456572061,795.3724560598679,0.01153086517509012
142,491264.0,0.11266610906618503,0.36973393462462445,6124.745833516121,0.49035145594049473,790.8835260041614,0.012467320694201327
143,481438.0,0.10401611478245774,0.3794127683518756,5773.809765696526,0.5061377765652736,782.9341606662767,0.011992841790005204
144,471705.5,0.036662628741386594,0.37409243790114144,5979.944757223129,0.49324475874735907,774.9800617235725,0.012677284359039972
145,278.5,0.8432544513287731,0.39672364672364674,81.49747395515442,0.9408783783783784,18.83075179616424,0.29263006806159575
146,412577.0,0.03987786508902574,0.3696429691349729,5480.766047716141,0.49353706728615443,724.78227879012,0.013284225848062643
147,465990.5,0.1353397159570872,0.3970539868100407,5332.533510565758,0.5496049191822514,770.2710770053039,0.011443438247272762
148,99.0,0.6298006402332182,0.5439560439560439,41.79898953437805,0.9473684210526315,11.227230955528665,0.4222120154987682
149,389005.0,0.09473906373892062,0.3806590503216968,5445.771097540855,0.5129789252768105,703.7730806870222,0.013999231623091876
150,406272.0,0.04836711556076141,0.37585621190759017,5312.349747419357,0.5529778541810008,719.2228975210982,0.013075845117112076
151,384394.0,0.023423348056152052,0.4051634908689227,5037.330410838127,0.560510241428536,699.5896236787165,0.013104602077134729
152,422781.5,0.00848389234656022,0.3313493043162722,5641.979249358177,0.45486616741808583,733.6907554156923,0.013344905700363372
153,446256.5,0.12595075024922658,0.3970479635851152,5482.523406028748,0.5258025367761852,753.7847324635245,0.012285587786460809
154,43.0,0.6538757320349771,0.4777777777777778,28.14213526248932,0.9247311827956989,7.399277020331919,0.6544682619183563
155,239.5,0.6389350861527073,0.59875,65.69848418235779,0.958,17.462556255144076,0.2743151740390722
156,399079.5,0.03445237837640631,0.3821700059181457,5227.077661514282,0.534944415066342,712.8280303783911,0.013097835547840173
157,387240.5,0.17957249838711975,0.4064104757296939,4724.886760473251,0.559816950906933,702.1751333698857,0.01220142717632389
158,78.5,0.6201060478377445,0.5607142857142857,37.55634927749634,0.9691358024691358,9.997464891746821,0.4784248315604629
159,120.5,0.36864130519724797,0.6846590909090909,43.55634891986847,0.9717741935483871,12.386499309352384,0.3614634765134313
160,223.5,0.23641351550580947,0.7351973684210527,58.3847758769989,0.9867549668874173,16.869174201729876,0.26122942226845147
161,306926.0,0.02483922252226382,0.34173970748044824,5016.835028886795,0.4614356514163251,625.1322424154624,0.016345422117666132
162,383202.5,0.16499544157616336,0.39013758572382673,4858.234961748123,0.5309874611842661,698.5045287193034,0.01267798347283257
163,364363.0,0.07293109766714087,0.34478996335998063,4720.0856820344925,0.4935776908405219,681.117743300186,0.01295434959651362
164,287344.5,0.19094186191824442,0.400829293809939,4122.151700019836,0.5380721163389048,604.8622821454095,0.014345678097265953
165,27.5,0.6062395277161863,0.5092592592592593,21.899494647979736,0.9649122807017544,5.917270272703197,0.7963452599265358
166,88.0,0.7317638185289863,0.5,41.79898965358734,0.9565217391304348,10.585134856802455,0.47498851879076526
167,339655.0,0.18462551649528458,0.3929145699577766,4659.129399418831,0.5287380835258442,657.618565406286,0.013717240727852765
168,310.0,0.6489062187557262,0.541958041958042,74.42640566825867,0.9717868338557993,19.867165345562018,0.24008517957502795
169,430644.0,0.026167183105286533,0.3816412619638426,5501.80558514595,0.507669972785964,740.4815801239956,0.012775762776553139
170,443986.5,0.15945004762564263,0.3878949506598346,5269.396431684494,0.5334141888884284,751.8651269533375,0.011868370843898393
171,524416.0,0.14594767626340135,0.3992766947232977,5801.511210799217,0.5312088329513656,817.1335197456013,0.011062803596380006
172,520222.5,0.12561371758531137,0.3726575595638906,6125.483865737915,0.5018841548653741,813.8598522233347,0.011774738435453897
173,491302.0,0.13627593709015107,0.3760654058741897,5828.114245295525,0.5167895434956625,790.9141134203352,0.011862590108111762
174,488141.5,0.11728070307612959,0.40231088627792283,5350.200466156006,0.5454753199268738,788.3660705702265,0.010960347493823012
175,503440.5,0.14131969419677273,0.3709492855711305,5784.616769790649,0.5215178740688485,800.6249765159982,0.01149016968199946
176,482789.5,0.15047238465978896,0.4117221412063687,5316.827888965607,0.5612637078389133,784.03232279219,0.011012724777497453
177,452777.0,0.13445401459533649,0.3763907546818472,5892.506158590317,0.49706171980235087,759.271744072274,0.013014146386831302
178,517728.5,0.15004766861264188,0.3968898336788137,5683.410703659058,0.5381298082245033,811.9066446559103,0.010977589032975889
179,535450.0,0.13694395182585595,0.37980349097182026,6068.932564258575,0.5156927782785906,825.685239197385,0.011334265691023578
180,541434.5,0.1061269236758995,0.39894816730587146,5932.3812708854675,0.5278564485733478,830.2865868384906,0.010956784746604562
181,496318.5,0.13502627758887142,0.4028912437129229,5525.185317158699,0.5510575235756227,794.9417217530093,0.01113233803930077
182,477140.0,0.10951655974581394,0.3944303270083178,5725.736609458923,0.515477059898793,779.4315341163299,0.01200011864328902
183,468717.0,0.14248596029918514,0.4059821952905348,5320.207607984543,0.5421097099118511,772.5212098639307,0.01135057531086891
184,479629.0,0.13186952981484348,0.3903434098130111,5463.379180669785,0.5359791700424086,781.4618414239951,0.011390844133006521
185,548405.0,0.1648064366352644,0.39468873564012547,5778.634011745453,0.5426692572851248,835.6141050332307,0.010537165072793743
186,493648.5,0.1684744638915647,0.38520185215819813,5729.209697365761,0.5244304709211902,792.800600024493,0.011605848488075545
187,461140.0,0.09429750888524346,0.328757786912711,6378.520441651344,0.44682398299677484,766.2517103792807,0.013832069310082283
188,433319.0,0.07208186289716398,0.40432109132982497,5337.732429265976,0.5273897784828807,742.7778175774341,0.01231825151739475
189,436211.0,0.03961697743006297,0.41969596382354357,5383.261432170868,0.5769868474918834,745.2523700388144,0.012340957546166575
190,376571.5,0.15324826279505555,0.40496174832830406,4881.1466455459595,0.555617197107798,692.4346360633886,0.01296207133451671
191,709674.5,0.19732650580213512,0.5145969655308436,4789.479683876038,0.7108352940351594,950.5712163168809,0.0067488400440991435
192,760267.5,0.1628381205708615,0.5520610045136892,4825.30305993557,0.7266018561968322,983.8712545739612,0.006346849049756263
193,99.5,0.5437726291093194,0.5887573964497042,40.3847758769989,0.9707317073170731,11.255546841497692,0.40587714449245127
194,720734.5,0.23687547686281327,0.5528258194960912,4747.278680086136,0.7455647897581039,957.9497203167424,0.0065867232387045935
195,653715.0,0.17378386981776348,0.5816756358511115,4122.477600455284,0.7977986291163579,912.3243880257432,0.006306230697559769
196,679310.0,0.18692294759610462,0.5942195439631139,4356.526370048523,0.7624211481491666,930.0130940659079,0.006413163901677471
197,691368.0,0.10305499575875232,0.5457649944307922,4656.23199236393,0.7199593871626987,938.2308231797014,0.006734809815270492
198,630042.0,0.05364860569164166,0.5544484925286446,4412.325360536575,0.7281676939310691,895.6530518253323,0.007003224166859631
199,610977.5,0.1605101330301033,0.548847915918074,4410.425866246223,0.7355263902382062,881.998137154171,0.007218638765332968
200,610730.5,0.13708553236296236,0.5443192027151321,4421.798449873924,0.7151926046196535,881.8198363474697,0.007240179506138836
201,633702.5,0.12197666189337324,0.5537227814476949,4528.533507227898,0.7048002860563649,898.2511244621599,0.007146150610464528
202,547131.5,0.18970043275142162,0.5604293680449711,3955.1811368465424,0.7371425145473187,834.6433142188744,0.007228940641960008
203,542317.5,0.0974169095684655,0.5146504086797835,4241.406529545784,0.706298000471458,830.9633486513779,0.007820891875231361
204,115.5,0.612240414003733,0.5833333333333334,45.21320295333862,0.9585062240663901,12.126795430653198,0.39145630262630843
205,1.5,0.5458937628955463,0.25,5.414213538169861,1.0,1.381976597885342,3.6094756921132407
206,726814.0,0.20893250874018948,0.5325066012548978,4948.491877913475,0.7167861615992268,961.9814584840722,0.006808470775072405
207,710179.0,0.2590170280631352,0.5385897056704511,4718.065477132797,0.7397355018439249,950.9090317377752,0.006643487736377444
208,731094.5,0.16482365035244995,0.5656874806561436,4773.670593619347,0.728257572625836,964.810047801318,0.006529485030484222
209,690624.5,0.13667384701552782,0.5578369842654518,4736.048228144646,0.7073979668919587,937.7261988250885,0.0068576313584945885
210,640288.0,0.11080857203065667,0.5354138183338559,4558.835025191307,0.707645991330815,902.9064190819489,0.007119975737779416
211,700082.5,0.1959660306552029,0.5400408531331407,4677.9649649858475,0.7290581886496934,944.1253749248849,0.006682019569101995
212,763219.5,0.27030514819656704,0.5508096666358745,4972.474638104439,0.738864315565998,985.7795132345765,0.0065151304940511065
213,749762.0,0.30459721896340886,0.5726801383423362,4674.4431092739105,0.7664734199757308,977.0499616394881,0.006234569249006899
214,735742.5,0.21132119670218652,0.5457767244161076,4789.219799518585,0.7378531288751473,967.8721226186394,0.006509369513815751
215,12.0,0.45238655344178896,0.5,13.656854152679443,1.0,3.9088200952233594,1.1380711793899536
216,609535.0,0.21187008296608906,0.5134621281298752,4393.212663412094,0.726948007418141,880.956335978207,0.0072074822010419325
217,701959.0,0.2347233756123267,0.5350358426353959,4572.443108558655,0.7458587545768863,945.3898442350384,0.0065138321590842985
218,697851.0,0.10381312694059128,0.5664742840444185,4772.893898367882,0.7262627623963255,942.6194828948626,0.006839416864585537
219,661570.5,0.07972411837081211,0.5687836806140661,4340.283730745316,0.7452862709578865,917.7895849432014,0.006560576281356734
220,663732.0,0.0804866675477051,0.5674804978061101,4356.18322122097,0.7442451887658819,919.2876750539839,0.006563165888070743
221,146.0,0.31710658206793696,0.6952380952380952,46.97056245803833,0.9765886287625418,13.63425735166143,0.3217161812194406
222,852882.5,0.26679893738777355,0.5796432901633284,4945.847218632698,0.7747849516578412,1042.0766411414218,0.0057989784274301535
223,672971.5,0.15113392855602792,0.5140514623206472,4910.876653432846,0.6976527087021088,925.6640461202647,0.007297302565462053
224,741363.5,0.20248980474501313,0.5544160658451971,4644.509129166603,0.7649278678984806,971.5623115494275,0.006264820333300201
225,696416.5,0.18142195945522427,0.5389019320770603,4954.984303355217,0.7204224157371948,941.6501618998722,0.0071149725822912254
226,687125.5,0.2367034622911735,0.49810544278342966,5058.013738751411,0.7013187896652452,935.3477207947433,0.007361120695930236
227,816826.0,0.21598867703168773,0.522262588442303,5218.089855313301,0.7255480631423457,1019.8113376344882,0.006388251421126778
228,840359.5,0.2594311644333424,0.5108506279558911,5704.062508821487,0.6989892696981783,1034.397866970862,0.006787645655010132
229,620120.0,0.22425227972368617,0.5397675096725899,4504.64412176609,0.7286250157887162,888.5726230765661,0.007264149070770319
230,651189.5,0.19069244853515216,0.5277032464159441,4624.945634961128,0.7310123988976263,910.5603892748236,0.007102303760980679
231,824721.5,0.22440184968394358,0.5248149482134994,5341.812732934952,0.7285840994884054,1024.72826992979,0.006477111040436016
232,753945.0,0.3014630993077665,0.4643730875548789,5458.589423894882,0.6609198677011898,979.7717022630079,0.007240036639137977
233,764090.5,0.19046809220772337,0.5045263329571844,5472.239139318466,0.6938770784333312,986.3418476149448,0.007161768323671693
234,752698.5,0.2671718881377269,0.4715872353542644,5367.743747591972,0.672071134143505,978.9614371684105,0.007131333126865501
235,680194.5,0.23881543528271146,0.6554246901113132,4046.0684393644333,0.8112808548932189,930.618361903182,0.005948399228991756
236,722753.0,0.196766266088928,0.5536300824217912,4727.462438821793,0.7452610000943495,959.2902067028377,0.006540910157165439
237,580031.5,0.2400129321913133,0.6061391243646335,3797.0146156549454,0.7920432650620013,859.3713068238045,0.006546221396001675
238,792549.0,0.1507770349753427,0.5845222185837811,4971.084805011749,0.7455919893092953,1004.5420488662028,0.006272274401976092
239,644878.5,0.2541483213740624,0.5438157761586724,4212.92124915123,0.7574770908104241,906.13730071634,0.006532891465836169
240,728902.5,0.04421425024454845,0.5550434613759152,4790.107102036476,0.7281059520884152,963.3625938639728,0.006571670562299452
241,909345.0,0.29603726821133713,0.5685680522208884,5181.344692349434,0.7632882640898744,1076.017664263555,0.00569788660227904
242,674092.0,0.20560884074849847,0.5298090904089348,4498.266478419304,0.733786244800789,926.4343426220853,0.006673075008187761
243,387568.5,0.5649352260864987,0.6615637114077807,2865.530215740204,0.9505401792831129,702.4724482096717,0.007393609686391448
244,577591.0,0.5480066628901065,0.6398397273992148,3583.655102968216,0.949164825467462,857.5614857741265,0.0062044857052277755
245,388763.5,0.43571455677828,0.6275318315060887,2882.1921154260635,0.9409275347586529,703.554590454535,0.007413741556051593
246,653369.5,0.5920493212120649,0.6877494050068894,3672.088646888733,0.960580403480245,912.0832663325432,0.0056202327272527
247,498749.5,0.5629401740748354,0.639442111039314,3369.9810013771057,0.945089084802289,796.8861815321496,0.006756860911894861
248,632743.0,0.5304889369520326,0.6319997682725115,3887.586122274399,0.9403315680713218,897.5708380146723,0.006144020751354656
249,421434.5,0.5845553645567586,0.6380682377343921,3104.5596487522125,0.9376556744772285,732.5210378655967,0.007366648076396718
250,555589.0,0.6278634468740604,0.6065342366753056,3671.5861196517944,0.9338862354108903,841.0694890553718,0.006608457186250618
251,564650.5,0.5415445476847448,0.6589225490996931,3553.294711947441,0.9469941996342172,847.9005516889831,0.00629290988310015
252,450232.5,0.448872342905822,0.6316463989494832,3164.074364542961,0.938545547024992,757.1352741254195,0.007027645415519673
253,412393.5,0.49715256795542234,0.6936812447434819,2975.1971685886383,0.9518449788462737,724.6210818018892,0.0072144618394534305
254,399886.5,0.5924397156710396,0.6541254314363765,3020.0255941152573,0.9480263009723584,713.5483902341435,0.007552206924002829
255,481749.0,0.6268292784672802,0.6344395717277074,3400.8266727924347,0.9438998082806684,783.1870002985365,0.007059333123249731
256,468726.5,0.6397169999076081,0.6260956388165364,3403.897741794586,0.9463343478546156,772.5290385903343,0.0072620125847260315
257,417144.5,0.6103997930125887,0.6329981274601744,3138.8195345401764,0.944233681394175,728.7831455712852,0.007524537743012736
258,386273.5,0.6106543791529943,0.6332684665425071,3009.56469810009,0.944819767484523,701.297864878582,0.0077912792311667515
259,390723.0,0.4328606511008278,0.6406975600157419,2870.5525069236755,0.9462163261747697,705.3254388135714,0.007346771259750963
260,537606.0,0.5698445023149243,0.6222875061203654,3576.0226333141327,0.9352768177978965,827.345888179117,0.006651753576623276
261,438238.0,0.5917127557456162,0.6519274224620251,3177.581942796707,0.9427717063935978,746.9818950989697,0.0072508133543798285
262,437239.0,0.5461399046758623,0.6481993761711615,3128.719030380249,0.9384784783065967,746.1300056293527,0.007155626626124955
263,371772.0,0.5150942189836017,0.622892260676085,2909.322060108185,0.9319380783533685,688.0078575316425,0.00782555453371471
264,336978.0,0.4599166879339358,0.6515958372489645,2726.9890178442,0.9313956091642044,655.0219197139633,0.008092483835277674
265,518259.0,0.672978717933963,0.612078373015873,3616.993196964264,0.9381569360408021,812.3225056681002,0.006979122787957882
266,612350.5,0.600993361655539,0.6192238851248862,3819.66224193573,0.9453084657795836,882.9886023264113,0.0062377057615462545
267,519587.0,0.6937684870094497,0.6367019581893488,3573.797238469124,0.9418139798345984,813.3625976957073,0.006878149835290575
268,475556.5,0.6721946559309193,0.6334672048167093,3424.9860521554947,0.94830790521637,778.1370968896467,0.0072020591710038545
269,385147.5,0.6255590145812407,0.6257107626523876,2982.9860548973083,0.944187990605863,700.2749656784013,0.007745048468177278
270,362651.0,0.6444953661095184,0.6022082291324173,3040.3758857250214,0.9277251290919626,679.5157055857882,0.0083837515565241
271,427240.0,0.6023351518681103,0.6308090047232422,3137.003298163414,0.9453948402029576,737.5492275724048,0.0073424850158304794
272,379931.5,0.6024190872480142,0.6167939439395563,3018.5352617502213,0.9191009088643912,695.5169373139288,0.007944946027771379
273,357893.5,0.5137391101647548,0.6197290043290044,2767.4713374376297,0.9546627010589773,675.0438185804488,0.0077326672248521685
274,461519.5,0.6286814324158523,0.6484128255274191,3235.4957259893417,0.9487852361686732,766.5669429778459,0.00701052875553328
275,514551.5,0.6048607715786003,0.6078935554374151,3511.6378540992737,0.9401755549586784,809.4117108139683,0.006824657695292451
276,402923.0,0.627775438355446,0.6387299685012658,3064.4591411352158,0.9439573427793962,716.2523976108743,0.007605570148974409
277,386657.5,0.6395171144594451,0.6469685181002099,3027.4225640296936,0.9434375449871779,701.6463633971433,0.00782972673239157
278,387215.0,0.6652691019461802,0.633221586263287,3043.204310655594,0.9486982854510797,702.1520136798199,0.007859210801894539
279,425298.0,0.6607151622365636,0.6165597745407311,3244.684539079666,0.939767741707389,735.8710701588799,0.007629202439418163
280,385733.0,0.6437328696562783,0.6157934227330779,3037.973858475685,0.940739918762339,700.8070414239062,0.007875846397574708
281,371601.0,0.6777272852617127,0.6545359430153664,2976.317008972168,0.9353029343917968,687.8496115163047,0.008009442948141066
282,424455.5,0.6508253821047687,0.636938025210084,3194.736272573471,0.9370426746818522,735.1418418103651,0.00752666951558755
283,336786.5,0.5988533558109917,0.6271629422718809,2808.1677329540253,0.9495449444854828,654.8357732538357,0.008338124399149091
284,545426.0,0.5364976049013809,0.6732989334386728,3363.1698158979416,0.9607187961819678,833.34143778329,0.006166134023493456
285,513635.5,0.6299604944556433,0.6328833879592893,3512.3241477012634,0.9338377332728514,808.6909361306195,0.006838164705713027
286,586848.0,0.5655569135673543,0.6124994781447001,3796.213539481163,0.9292553738965204,864.4062010124296,0.006468819080036335
287,514018.5,0.5464074803186069,0.6267234273953629,3386.039876461029,0.9416897042577865,808.9923861974544,0.006587389124051039
288,662230.5,0.5824708757581436,0.6463370714139314,3774.8581969738007,0.9594053467506748,918.2472762441167,0.005700217970893519
289,520672.0,0.5204972517217712,0.6558126997962047,3285.454088330269,0.9525144110539324,814.2113854745257,0.006310026443385219
290,476724.5,0.6296435530969995,0.611313789053083,3356.525161623955,0.9480573975799628,779.0920904129999,0.007040806926482601
291,568498.0,0.5958231539958018,0.6749833776595745,3542.8611632585526,0.953906921176976,850.7844231665567,0.006231967681959396
292,469173.0,0.6129949355858018,0.6288533221101843,3313.464194417,0.9498332837334726,772.8968992834882,0.007062350549620289
293,512176.0,0.6244555658999711,0.6620519920012305,3401.630717754364,0.956405152356019,807.5411674114681,0.006641526970717808
294,511238.0,0.5998425676257954,0.6408739908739909,3427.5129648447037,0.9592985181891022,806.8013624005075,0.0067043392017899755
295,664946.0,0.5817296725624839,0.6256254410311898,3825.2673588991165,0.9545962878262579,920.1280032220884,0.005752748883216256
296,68.5,0.4752837872989622,0.5661157024793388,33.55634880065918,0.9513888888888888,9.338999347593866,0.4898737051191121
297,592581.5,0.5819656659217419,0.6691934420157287,3540.8926882743835,0.9596414916202837,868.6185579864615,0.005975368262887693
298,506827.5,0.6889029192679972,0.5692094392894926,3788.584032058716,0.9107355119958814,803.3136469395131,0.007475095633245465
299,484373.0,0.6408576008191853,0.558907830453636,3627.512966990471,0.9169910264662451,785.3170429845547,0.007489089951319481
300,695551.0,0.6864997313087221,0.5014823466643595,4238.556680798531,0.9401091014270229,941.0648429200228,0.006093811497357535
301,691158.0,0.6661105855973153,0.5094270366526723,4178.899831175804,0.9460964647214752,938.0883206074285,0.006046229416683022
302,477418.5,0.49092378363319095,0.6587036155549577,2976.1719088554382,0.9763409085099313,779.6589726208147,0.006233884754896256
303,419249.5,0.6968658516899533,0.6396546699805167,3020.608416080475,0.9908559895159393,730.6196291576381,0.007204799089994085
304,500221.5,0.7404464028566414,0.5959040209284124,3551.6033656597137,0.9608326730533746,798.0612726644115,0.007100061404117403
305,526176.0,0.6277957999380205,0.6196633738923983,3375.894779920578,0.9655473611388914,818.5035679156011,0.006415904145990273
306,536422.0,0.7217712369368977,0.6469229006620919,3495.6449958086014,0.9814252219962695,826.434330764354,0.006516595135562303
307,470902.5,0.7278390104325201,0.6102540011663319,3371.863252401352,0.969016933527314,774.3201435547509,0.007160427588304059
308,581909.5,0.6533668621097902,0.6343859017966161,3537.853149175644,0.9854821992880393,860.7613994929526,0.006079730867386842
309,684685.5,0.5853425297185056,0.6545274913103828,3671.558771133423,0.9836700418934218,933.6855221683409,0.005362401819716385
310,539823.0,0.5975914597463075,0.6367429121431302,3304.865339398384,0.9733871636656076,829.0500532281328,0.0061221276962974604
311,540797.5,0.6490971500172805,0.6265154665928314,3415.853147625923,0.978079027993301,829.7980252410306,0.0063163256997784255
312,680559.5,0.47903932507149893,0.6565228841649527,3758.446075439453,0.9699954818268243,930.868018542473,0.005522582633023936
313,518522.0,0.7131624832412246,0.6147588018817817,3518.9587030410767,0.9662470766908606,812.5285934754334,0.006786517646389308
314,687043.5,0.43997211488169785,0.6537107869722832,3527.2988846302032,0.9745843916077568,935.2919079908971,0.005134025552428927
315,521914.5,0.7200133001993467,0.6186731199391183,3495.6866270303726,0.9641675487843402,815.1822988575501,0.0066978147321646985
316,546210.5,0.5587521708392719,0.6395607934054611,3273.1079766750336,0.9701621375838241,833.9405304633932,0.005992392999905775
317,665769.5,0.6084753950013063,0.6777300804599573,3591.392249107361,0.9891828244558354,920.6975915459739,0.005394347817236087
318,591920.5,0.661067946415133,0.6431248112196892,3590.5983119010925,0.9704951173604234,868.1339688892549,0.006066014459544977
319,624612.0,0.6544572752492518,0.6445598378621581,3626.8064655065536,0.983515488575473,891.7851190259454,0.005806495016916988
320,496899.0,0.6115640455264109,0.6556105013998876,3140.4145489931107,0.9856085783227165,795.4064725279508,0.006320025898609397
321,475100.5,0.7208384014953274,0.6558420403830412,3247.23583483696,0.9881437434614321,777.7639386879853,0.00683483985985483
322,663796.0,0.5797925019417596,0.6341652622849958,3663.600401997566,0.9747808088321136,919.3319948946746,0.0055191661323623015
323,591382.5,0.459818000454608,0.6597305890227577,3266.9902292490005,0.9826004457888078,867.7393531840897,0.005524326859940902
324,564500.0,0.6735079026648231,0.6500251028294803,3462.84095454216,0.9812442420344522,847.7875459117097,0.006134350672351036
325,580292.5,0.5183607483381788,0.6703623908322166,3262.9069710969925,0.9782450195761109,859.5646331214596,0.005622866004811353
326,511493.0,0.6947665585293823,0.6248906579095258,3404.1302787065506,0.9831818815264035,807.0025492247361,0.006655282239847956
327,634973.5,0.6008322916211172,0.6573735020834951,3568.848093152046,0.979354046636164,899.1514722553108,0.005620467772516563
328,676216.0,0.6327214893734867,0.6596984697152691,3689.7770258188248,0.9877151994554695,927.892748103267,0.005456506539062703
329,592454.5,0.6311747633333313,0.6348239179305187,3514.220678329468,0.9758377201362489,868.5254733491116,0.005931629649752796
330,556677.0,0.6756364825750282,0.6527286286152483,3436.1302758455276,0.9909675283177066,841.8926119431957,0.00617257453756043
331,558183.0,0.6947484849068023,0.6018346704849434,3638.7820794582367,0.9661583305134106,843.0306452311845,0.006518976893703744
332,544372.0,0.6946895266931037,0.6059181345131759,3577.3262346982956,0.9702545712498285,832.5358595559534,0.006571473614914609
333,550634.5,0.6771748030009772,0.6171773248059252,3529.7698875665665,0.9793915559895486,837.3109458829939,0.006410368198081606
334,643335.5,0.6333701143536914,0.6193743826334427,3739.9607915878296,0.9728007342856667,905.05259467722,0.005813390978094368
335,518091.5,0.563496956275122,0.6553159760080344,3142.338426709175,0.9910060090647645,812.191224768624,0.006065219033142167
336,597840.5,0.5667661504389687,0.6494172152338743,3427.3089900016785,0.9798688133376384,872.4644210764368,0.00573281500668101
337,733631.5,0.6101039951934242,0.6616779887873125,3807.3577609062195,0.9874687307143295,966.4826108437619,0.005189741390474945
338,512698.0,0.722848087212171,0.6327964354920329,3442.1891523599625,0.9835980028681193,807.9525778822841,0.006713872791311771
339,693580.5,0.5556066057678422,0.62820565074914,3747.1567499637604,0.9692564073898097,939.7308763987627,0.005402627020171069
340,549724.0,0.5775826454787919,0.6372577204859501,3350.154663205147,0.9715682445198132,836.6183929904915,0.006094248501439171
341,499398.0,0.6717943506182784,0.6483095073658848,3264.473423242569,0.9886563405711027,797.4040896318822,0.006536817174363071
342,718945.5,0.505799335627947,0.6744088859871787,3632.8724757432938,0.9837760433058476,956.76007499759,0.0050530568391391195
343,526747.5,0.6349445660195658,0.6344979402057385,3320.598314523697,0.9854709001737094,818.947951392752,0.006303965969508535
344,538762.5,0.6683363284493087,0.6079694910778668,3475.166855454445,0.9768047124861301,828.2353048623188,0.006450276059403624
345,460181.5,0.5994200985845238,0.6472859875657581,3060.7749361991882,0.9822381073333575,765.45495200929,0.006651234211282262
346,590746.0,0.484366185827861,0.6378258386265409,3349.8602879047394,0.9714938823838969,867.2722571915456,0.005670559407773797
347,474959.5,0.719237430489026,0.6062827739738268,3350.7749391794205,0.9646501727886556,777.6485180000284,0.007054864549881454
348,486572.5,0.6273448208854923,0.6245435350443148,3223.0003356933594,0.9703813539040812,787.0980551244235,0.006623885105905819
349,572180.0,0.6405720675172037,0.6572732201769944,3422.1546618938446,0.9839648704352245,853.5351209566982,0.00598090576723032
350,549113.5,0.702869190245817,0.6187584794082781,3566.7404490709305,0.9762399596073091,836.1537076087935,0.006495452122504602
351,553374.0,0.7066121431701355,0.6448114938912485,3522.4145480394363,0.9816608480926431,839.3912435975705,0.0063653416099047596
352,546353.0,0.6554909613608729,0.6100263280714409,3459.8947751522064,0.9762972030002636,834.0493060872902,0.006332709393290064
353,816269.0,0.4949013333170728,0.664348993834822,3988.193328857422,0.9711378019900574,1019.4635696980184,0.004885881160325116
354,505536.5,0.7035346045380397,0.6393886848389185,3358.9170747995377,0.9771200330901824,802.2898872022554,0.006644262233883286
355,581838.0,0.5159497403662008,0.6397268859055976,3304.345567584038,0.9799030265876912,860.7085164151785,0.0056791504982212195
356,602134.5,0.6590238001067121,0.6373493248993383,3590.622698545456,0.9795615082528331,875.5920606363073,0.005963157232388205
357,540949.5,0.6760445065809867,0.5011093057552357,3477.0633870363235,0.9564931792663843,829.9146312149907,0.006427704225692645
358,783589.0,0.6198617863468961,0.5511913102443114,4011.413676261902,0.9772550545535724,998.8475867816278,0.005119282782507031
359,709289.0,0.6760650644935418,0.527523420231391,3835.9822146892548,0.9882138381341097,950.3130028815027,0.005408207676545463
360,793422.5,0.6137062472455351,0.5398665953578505,4055.7639634609222,0.9734176430931818,1005.095469436926,0.0051117329839535965
361,602398.5,0.7083601558300633,0.48269110576923074,3691.7984467744827,0.9736048033875843,875.7839870020147,0.006128498737587299
362,579699.5,0.6811799661832295,0.4954620356268023,3556.14159989357,0.9755604807630818,859.125326982741,0.006134456903781304
363,592666.5,0.6651158841085786,0.5062081694846925,3581.1710344552994,0.9701609932967203,868.6808531559691,0.006042472511024834
364,761526.5,0.6072033025109984,0.5454943661669162,3922.852271080017,0.9774683103992463,984.6855610618863,0.005151301065793531
365,553290.0,0.5570877639034099,0.6782592706098682,3464.120176911354,0.9241739409306381,839.3275330325571,0.006260948466285951
366,704635.5,0.5754454686949476,0.6717608667051818,3915.1222598552704,0.9173758851398062,947.190468292536,0.005556237600653487
367,648342.5,0.5738206906721361,0.6367235683252017,3621.9263005256653,0.9446498846766356,908.5677242409931,0.0055864397298120445
368,760504.0,0.5018223157011497,0.6664423296002243,3960.8308515548706,0.917688426809152,984.0242714126874,0.005208165705314989
369,821596.5,0.5192560310326456,0.5875492099589157,3961.9548602104187,0.9345302788076498,1022.7849987245625,0.004822263556636888
370,163.5,0.7797815540529107,0.40875,61.35533845424652,0.9396551724137931,14.428259270064393,0.37526200889447414
371,872361.5,0.6075225816203204,0.7220597157488637,4269.950690865517,0.9282776996552856,1053.909464377507,0.004894703274806966
372,897960.0,0.5583620396403438,0.7168036477192176,4315.163892626762,0.9384876507081822,1069.2605770299338,0.004805519057226115
373,973190.0,0.46957846440959816,0.6347952516409808,4195.947731018066,0.9569053841721582,1113.1504806362943,0.004311540121680316
374,817060.0,0.5176750556404359,0.6712602581492159,4247.978043794632,0.8978868789568134,1019.957402258208,0.005199101710761305
375,872463.0,0.5337894763596598,0.6093197398635625,4123.61468398571,0.9048554684886925,1053.9707742239698,0.004726406373663651
376,877542.5,0.5917929440205761,0.65612469279524,4173.784170866013,0.9385586683059007,1057.0344427622765,0.004756218839390699
377,924530.5,0.5241054860361966,0.7017650193254169,4108.661367416382,0.9573285770497235,1084.9648809587213,0.004444051729409016
378,981649.5,0.527478447496126,0.6014887566611704,4747.337552309036,0.9088337406954783,1117.9780688678557,0.0048360820764529865
379,849047.0,0.5710040336177117,0.6418753212978923,4121.163890957832,0.9455203303458475,1039.7308381204991,0.004853870152014945
380,910146.0,0.5579597471356956,0.6753177565239329,4248.335462212563,0.9442465187791917,1076.4914670737196,0.004667751615908396
381,823209.0,0.5632267462282415,0.6746729937057435,4024.051195025444,0.9379946936424549,1023.7881872642839,0.004888249757990308
382,720183.5,0.5566858768502033,0.6558026937517017,3773.156752228737,0.947403558830281,957.5834750379604,0.005239160231008815
383,862871.5,0.5143030541619494,0.6301846431148466,4122.862377285957,0.9394881694509818,1048.161302388591,0.004778072259062858
384,807709.0,0.5042562735613632,0.6359152290434531,3985.7324364185333,0.913694863026483,1014.1040575002614,0.0049346143678212495
385,987716.0,0.5685714760452819,0.6258695307797104,4419.295920729637,0.938919418881319,1121.4272469347425,0.004474257702345246
386,838376.0,0.5314836695375552,0.635807674806613,3941.105015039444,0.9600476373151334,1033.1764014711557,0.0047008800526726
387,316.5,0.4809791731782822,0.6406882591093117,77.21320331096649,0.9844479004665629,20.074369626682653,0.24395956812311687
388,849935.0,0.5392371532266211,0.6440160273750476,4013.5070415735245,0.9492307013620269,1040.2744120925404,0.004722134094458428
389,801078.5,0.539836361287001,0.6423602702620349,3978.921245932579,0.9346524915206974,1009.9330792865076,0.004966955480558496
390,886596.0,0.5923802334472652,0.6158263786870044,4182.325364470482,0.9381243565311886,1062.4730996142991,0.00471728426980325
391,951094.5,0.576970981042983,0.6041648933129212,4366.758906722069,0.9303645815756227,1100.4413333658988,0.004591298663510376
392,965992.0,0.537475322641939,0.6299702685482457,4769.708048820496,0.8907519631745704,1109.0262459914145,0.004937626863183645
393,914628.0,0.5734989470276309,0.6686243763364219,4129.580192565918,0.9382753537403172,1079.1387947442315,0.004515038018260887
394,936918.0,0.5565464199320216,0.6055461767754978,4780.055368900299,0.8716700128575602,1092.2092509103643,0.0051018929819902055
395,817915.0,0.5954531061816685,0.6374820738246664,4080.997372031212,0.9049198791618331,1020.4909221703349,0.004989512812494223
396,838318.0,0.5826359479665495,0.5835422754527698,4493.295922994614,0.8688943937148247,1033.1406625737332,0.0053598943634690106
397,831463.5,0.5501520982454725,0.6547379437097514,4219.4065326452255,0.9203948074834759,1028.9082603438972,0.005074674393578582
398,859177.0,0.5561546972396986,0.6574255804468808,4190.845128059387,0.9259570203043497,1045.9149737559565,0.0048777436175076695
399,880955.0,0.5484057738781377,0.6801034489413854,4162.51208794117,0.9306886761307362,1059.087693787519,0.0047249996741504045
400,913510.0,0.5621815691246125,0.710792094615624,4168.487703323364,0.9407242106910824,1078.4790477848971,0.004563154977310992
401,943610.5,0.5515770912615198,0.655760040084589,4671.65630877018,0.9031991136571931,1096.1031901364574,0.004950831205004798
402,888426.5,0.5649166805318583,0.5998625974815165,4221.112160205841,0.909443744945695,1063.5693453605431,0.004751222706893413
403,886968.0,0.5694071184557981,0.6064319660659332,4229.472547531128,0.9121173557925912,1062.6959736983376,0.004768461260757015
404,941710.5,0.5458691836889628,0.6170194433979262,4774.37709403038,0.8716672428658899,1094.999108808917,0.005069898970044807
405,824724.5,0.50347924354591,0.5666900976819099,4094.1903693675995,0.880502577264555,1024.7301336995681,0.004964312772771513
406,849685.0,0.5207432799893631,0.615609382177225,4163.271535038948,0.9166667565692733,1040.1214076098504,0.004899782313491409
407,883176.0,0.5524050629272833,0.6774442964881168,4068.1344544887543,0.9458473740830563,1060.4219010191284,0.00460625566646824
408,927114.5,0.5762276847124065,0.6445927295860724,4646.224855184555,0.9128076099258275,1086.4800246195823,0.005011489794609571
409,908391.0,0.5851894780186468,0.6375532703353715,4330.92839205265,0.9160122216844143,1075.4530874387406,0.004767691877234198
410,900067.5,0.5465714331175946,0.6479855639643376,4150.837990999222,0.9241779155498215,1070.514611731627,0.004611696334996233
411,923631.5,0.5204041831643041,0.685252657897275,4238.460357785225,0.9396487526374581,1084.4372506341967,0.004588908409669035
412,805371.0,0.4863857590392646,0.5512464065708419,4023.712219595909,0.9133152757877118,1012.6352775717933,0.00499609772340438
413,790383.5,0.41873614077412663,0.5556388609446761,3883.55284011364,0.9037519524148199,1003.1687433857699,0.0049135044445052815
414,847819.0,0.49281035914900334,0.6010266422234793,4047.2370485067368,0.927986856550545,1038.9786704152405,0.004773704114329517
415,799413.5,0.45373688512153193,0.56556887032462,3905.1508210897446,0.9095546568377865,1008.8829866714688,0.00488501985654451
416,832462.5,0.5274701320159748,0.555397101797366,4121.386320948601,0.8917543553316458,1029.5261893264762,0.004950837210022795
417,830539.0,0.536179856637701,0.5993771965908189,4048.644123196602,0.9085011146528168,1028.3360823411758,0.004874718855100846
418,901182.0,0.4610062558524469,0.6066588398124786,4125.722328186035,0.9339162308493865,1071.1771839446187,0.004578123318248739
419,771907.0,0.5478574503611381,0.6046480477384848,3955.5070366859436,0.9259193285556377,991.3740551668101,0.005124331087405534
420,742109.5,0.58138243533947,0.5941134605285069,3863.0877717733383,0.9281229794104663,972.0510078816025,0.005205549547301764
421,877583.0,0.46063101274828117,0.5784574476850378,4103.771096944809,0.9186349590500277,1057.0588344020016,0.004676219909620866
422,923718.5,0.45413554810272694,0.5889063787031441,4174.499024271965,0.9268791579285363,1084.4883228525089,0.004519232887802902
423,767397.5,0.44177944274818687,0.5659628369034932,3843.3619371652603,0.8957750539725489,988.4739973974541,0.005008306564935721
424,891908.0,0.5144410463508472,0.6352046502916047,4237.403569340706,0.9228430844555776,1065.6512261831492,0.00475094243951249
425,848413.5,0.5217196614277291,0.5736108716596522,4094.7000280618668,0.9175326076318162,1039.3428782106346,0.0048263023019575555
426,835496.5,0.48612173042506845,0.5860320379551148,3987.562954068184,0.9228278523977332,1031.4005930228186,0.004772686604992581
427,283371.5,0.9516994575842765,0.22107034082894894,3584.9741948843002,0.9703888623494744,600.6661299348583,0.012651145915818281
428,401950.0,0.9212336897759686,0.3074018103783195,3653.618859887123,0.9927988430725759,715.3870525850315,0.009089734693089
429,403173.0,0.929114216065998,0.28647467598908594,3787.726505637169,0.9932522320108792,716.4745682642963,0.009394792075950445
430,418110.5,0.9225237762959314,0.31004932040764416,3723.175206542015,0.9906939659461944,729.6264953172899,0.008904763708498149
431,379515.5,0.9402032745423858,0.26106955035272184,3809.650386571884,0.9912553690806254,695.1360603795041,0.010038194452062917
432,364861.0,0.9312719028860217,0.2701141426420268,3746.2462710142136,0.9914350851736216,681.5830496216996,0.010267598540304975
433,365253.5,0.9252016336824737,0.2908083159632928,3582.547791004181,0.993387002461346,681.9495582907322,0.009808387300886045
434,436263.0,0.9217020784957294,0.2968997444526489,3862.3539196252823,0.9914009185382471,745.2967888732625,0.008853269517757138
435,404135.0,0.9242286134798132,0.2750984305567657,3846.4371894598007,0.9929350716996245,717.3288391048732,0.009517703711531544
436,422352.5,0.9313805835950074,0.27216766227824285,3935.53264439106,0.9936455058010345,733.318419799856,0.009318123236848509
437,440967.0,0.9128207950749357,0.3117421042399392,3828.329534173012,0.9933870613479311,749.3040920235459,0.008681669000566963
438,388717.0,0.9221143907474071,0.2852102186931824,3732.9569605588913,0.9934040041094,703.51251311602,0.009603276832654325
439,375291.5,0.94649632651036,0.24075713514973407,3941.81690967083,0.9867626720234746,691.2568108908413,0.010503347157265298
440,332110.0,0.9471621173625899,0.23440984985798904,3772.6970648765564,0.966517759701992,650.2734695510766,0.01135978159307626
441,290355.5,0.9459660127640155,0.23134034631475872,3495.0574568510056,0.9899354772721461,608.0231119220309,0.012037166359345718
442,321275.5,0.9574471366232515,0.2104276729889296,3851.6991711854935,0.990478289822545,639.5785107041681,0.011988773408446935
443,373678.0,0.9314523028818487,0.25921833129040334,3777.549893260002,0.9927617377674165,689.7692415565847,0.010109104344542633
444,318675.5,0.9539268239655945,0.22067320542951832,3775.9346561431885,0.987641905021648,636.9852812571498,0.011848838885145511
445,325614.5,0.9457746456659738,0.23160177932804335,3724.3366825580597,0.987265568978926,643.8829534466397,0.011437871110033674
446,367288.5,0.9384375877563155,0.2529712831066645,3794.9641011953354,0.9889270626627285,683.8466513235704,0.01033237931815272
447,302673.5,0.9502995668156388,0.2262079681203439,3611.0229675769806,0.9896028654241328,620.7864925587527,0.01193042326988316
448,374290.5,0.9333661885002607,0.2735301855492301,3722.229025363922,0.9810983705175471,690.3343145307905,0.009944759552710855
449,412512.0,0.9362024903358306,0.26996946979538544,3893.147862792015,0.9917739253991323,724.7251831403345,0.009437659662729848
450,361543.0,0.9497898980100025,0.23291334463725244,3903.172241806984,0.9926187054112563,678.4768564381433,0.010795872805743671
451,450960.0,0.9230016782726664,0.2853915305240975,3962.6869782209396,0.9875634801232483,757.7467288571881,0.00878722498275
452,398368.5,0.9422963693358863,0.24735027419306768,3975.841287255287,0.9932221687564045,712.1927601266596,0.009980310409219824
453,457831.0,0.9207978789467386,0.30100380404125143,3909.4077450037003,0.9932486229316857,763.4975664700211,0.00853897561546444
454,412611.0,0.9251445038642427,0.27849616082420786,3852.579325914383,0.9937524837128647,724.8121424153435,0.009337073722984562
455,443261.5,0.9131052193217055,0.3012869529990953,3857.081839323044,0.9944786273970913,751.2510036323581,0.00870159451999112
456,432072.0,0.9242932757515481,0.2810948380851263,3921.491013407707,0.992821625198761,741.708269181901,0.009076012825195124
457,390104.5,0.9451755728208896,0.2517452891068663,3947.1062244176865,0.9857433988677095,704.7669657263585,0.010118074065840529
458,394399.0,0.9214093480605036,0.28686421847122223,3687.726518034935,0.9936398323606438,708.6355926736982,0.009350243073727203
459,368647.0,0.9405042947146888,0.24625389106357964,3822.7458399534225,0.991879784214279,685.1101651909593,0.010369664855412963
460,394614.5,0.9363177340907703,0.26456956395228,3829.1894977092743,0.9923738894044215,708.8291658262193,0.009703620869758395
461,477703.5,0.9076236458483513,0.31383780019512064,3905.650393128395,0.9950632559389343,779.8916507171966,0.008175888167301255
462,431627.5,0.9266451967055709,0.2940900923980919,3867.42498421669,0.9909907324392179,741.32664972681,0.00896009865964678
463,447895.5,0.9137611142033414,0.3005578393438795,3865.307242870331,0.9912986607706047,755.1677048900649,0.008629930961285235
464,458640.5,0.9212684332597135,0.29142383491592283,3977.2483679056168,0.9932561566806604,764.1722459086743,0.008671821105867486
465,385424.0,0.9389692795586176,0.2525912915825622,3882.7458432912827,0.9924745040833379,700.5262866516897,0.010073959699684719
466,372450.5,0.9417056422515103,0.2516265001634945,3828.7630879879,0.9904478882041259,688.6353934095921,0.010279924682576342
467,461398.0,0.9091731880820544,0.30800975702237254,3927.868644475937,0.9830521835933547,766.4660328166634,0.008512972844433518
468,376689.0,0.9379934062127602,0.2577237274220033,3788.461577773094,0.994251280792468,692.5426563517541,0.010057266280069485
469,396539.5,0.9421987563519837,0.2512071311645727,3914.46870970726,0.9939354670530054,710.5559601111718,0.009871573222105894
470,381238.5,0.9475958308769281,0.25373593761335267,3915.1407244205475,0.959410369494234,696.7122319692086,0.010269531341720596
471,458244.5,0.9229360826843075,0.2839933067877229,3993.4148857593536,0.9946765444532958,763.8422733505867,0.008714594252106361
472,375696.5,0.9417916148497151,0.23858472281493223,3973.875771164894,0.9869984013997276,691.6296990576634,0.010577356379856864
473,335198.5,0.9463244488424566,0.23902116402116402,3773.768143773079,0.9728178613873455,653.2901235560732,0.01125830856573964
474,367829.0,0.9376612452009996,0.24938506139894126,3852.0940333604813,0.9888952963965163,684.3496390737633,0.010472513133441032
475,376340.5,0.9426439294661612,0.24197588731553976,3897.9001722335815,0.9930588356364999,692.2222236286578,0.01035737629150618
476,367914.0,0.945011669660721,0.2495223717219644,3833.348869919777,0.9915242589453429,684.4287061934886,0.01041914379425566
477,367070.5,0.9503596541296174,0.24208303106245466,3911.8513935804367,0.9720155651502693,683.6436764175535,0.010656948443365611
478,428089.0,0.9295224604220331,0.27855253072225106,3921.0057270526886,0.9914918502649026,738.2816830086814,0.00915932370851082
479,405011.5,0.9417721111492128,0.26126874953230994,3919.6747772693634,0.9886069337212794,718.1062998418168,0.009677934521042892
480,385206.0,0.9382733276252503,0.26185251651847624,3865.6087530851364,0.990710306621607,700.328145992472,0.010035172746751444
481,361507.5,0.9486666442517869,0.2433332121740816,3876.1112776994705,0.9634457863113585,678.4435457120561,0.010722077073641544
482,365041.0,0.946704680607501,0.2478921348925016,3817.834150791168,0.9922612316792068,681.7511544908953,0.010458644784534253
483,385187.0,0.947457085452193,0.26434308663224326,3845.525490760803,0.986018139045537,700.3108741965265,0.009983528755541602
484,375524.0,0.9498049228859258,0.2375396137618683,3949.858533024788,0.9843316474509275,691.4709009040997,0.010518258574750982
485,404220.0,0.9369938832868406,0.26010411371431147,3904.4859622716904,0.9934929676123062,717.4042715044618,0.00965930919368584
486,405825.0,0.9424632196950024,0.2501402252232817,3986.9123626947403,0.9923572657326498,718.8271268129406,0.009824215764663932
487,413274.0,0.9349193685957169,0.2726948805622896,3895.633141517639,0.992449894096797,725.3942373708793,0.009426272016912846
488,431628.5,0.9370946904005066,0.2742072275134426,3976.562068104744,0.9905916076084162,741.3275084837478,0.009212927478386493
489,438018.5,0.9152049048362234,0.30047037404923665,3817.5671204328537,0.992797985475843,746.7948014853738,0.00871553854559306
490,419564.0,0.93135118667909,0.2815110037573806,3834.1772994995117,0.9927207638643244,730.8936149312455,0.009138480182998331
491,421517.0,0.9280571851374851,0.27481445068013016,3895.7752726078033,0.9928816904925107,732.5927335007709,0.009242273200387655
492,330046.5,0.9529065236817773,0.2245901806675513,3801.8757816553116,0.9897737785888114,648.2501487862799,0.011519212540218761
493,796819.0,0.08891072853740171,0.6239284316028502,4399.565912365913,0.8213735516394867,1007.2444890870973,0.00552141190454283
494,645061.0,0.0862799278481656,0.6355806785980318,3952.723207950592,0.834390451336677,906.2655096418537,0.006127673519171973
495,956753.5,0.01368856658085715,0.7118860540041816,4304.196292519569,0.8904103597133015,1103.7102838896508,0.00449875155149113
496,838472.5,0.1313927311232289,0.7030473090474297,4225.166856408119,0.8700762807455195,1033.2358608628301,0.005039123950288315
497,798393.5,0.19941796983134097,0.6216487998280797,4297.333374381065,0.8446360571763176,1008.2391464625409,0.005382475401391752
498,849030.0,0.12331358694900614,0.6634498171475011,4086.3943395614624,0.8719576915196638,1039.7204290897123,0.004813015252183624
499,875704.0,0.029690066908079866,0.6616677244839363,4713.923337340355,0.8182092539352256,1055.9265894382816,0.005383009940962191
500,764912.5,0.13835357287708666,0.6611319701220598,4271.960790157318,0.831270767165939,986.8722527572833,0.005584901266690397
501,804968.5,0.17116787929704394,0.6844225288403983,4016.1475195884705,0.8868304925186586,1012.382203748242,0.004989198359424587
502,874661.5,0.08415617167617764,0.6343873073436084,4460.5638246536255,0.8332454514580055,1055.2978774058888,0.005099760106799745
503,929410.5,0.028470803012171825,0.6554745683818551,4480.53944003582,0.8630890139871958,1087.8245271605526,0.004820840134726065
504,743151.0,0.12611364690517785,0.6316362514438413,4166.428831219673,0.8389919916817807,972.7328723290279,0.00560643641900458
505,928395.0,0.04186622414943863,0.663723362273086,4722.477598905563,0.8353661225000293,1087.2300709299764,0.00508671158171421
506,879915.5,0.03080628340088766,0.652088737049608,4725.558771252632,0.8242142750760832,1058.4626637843269,0.005370468836215105
507,770764.5,0.12743833376011773,0.6174434197751211,4707.2887840271,0.7856918596413256,990.6401168325585,0.00610729838235557
508,907984.5,0.13764730230164166,0.6616969318017849,4715.288780927658,0.8311466541199215,1075.2124308277803,0.005193137967583872
509,890301.5,0.11965239707853802,0.5985582320947149,4745.690805315971,0.7957369201466877,1064.6910709389049,0.005330431101504346
510,907914.0,0.05389054903822186,0.6196899891475726,5196.457387924194,0.7876206917491521,1075.1706878531802,0.005723512786369848
511,750924.0,0.1566320752043283,0.6524282169443459,4184.154660463333,0.8561138530048533,977.80679681147,0.00557200816655658
512,730419.0,0.07360914165636294,0.6507502499051162,3922.865338563919,0.8389299786195573,964.3642232195847,0.005370705497206287
513,823128.0,0.0712386631760701,0.5616949494894352,5230.741657137871,0.7400646264558485,1023.7378179879676,0.006354712337738324
514,938844.0,0.11274998802818775,0.6206601113010642,5028.477595090866,0.7910184685899164,1093.3312888312212,0.0053560310286808735
515,567699.0,0.049980694745664064,0.6302136757829672,3439.1942064762115,0.8378331709908793,850.18634210778,0.006058129759742771
516,806215.0,0.07549062864087262,0.5759846997533785,5067.771093606949,0.780741739272748,1013.1657414059455,0.006285880433391774
517,585141.0,0.140537751122838,0.6477527841122944,3485.7383601665497,0.8612892969745856,863.1481103761265,0.005957091299646665
518,664263.0,0.07981815486998947,0.6958927157146628,3490.130276799202,0.8967063140118334,919.655326578612,0.005254139214135368
519,787903.5,0.07108732118392616,0.6460989866155847,4094.054158806801,0.8598182702113415,1001.5936769145667,0.005196136530433995
520,611299.0,0.04299318117906929,0.6905140853582084,3410.4246538877487,0.887582607534083,882.2301629716932,0.00557897960554123
521,799073.5,0.14257428693435967,0.6042582297089241,4148.470458984375,0.8221546702115181,1008.6684189315798,0.005191600596170909
522,928136.5,0.09752886904869106,0.6811781033447678,4590.068437933922,0.870071414108083,1087.0786975707358,0.004945467006128863
523,806011.5,0.023107218025027822,0.6681367953267565,4152.088648676872,0.8724725313087064,1013.0378646977149,0.005151401250077539
524,702204.5,0.06764572100288388,0.6622496538819916,3815.176964044571,0.8737913429011752,945.5551479903129,0.005433142288385464
525,874159.0,0.06622134333846147,0.6107686739647468,4470.217712521553,0.8057685855341993,1054.9946953355477,0.005113735273012751
526,772173.5,0.0884107949958216,0.6318621835261771,3880.1861884593964,0.8582213469047066,991.5451757719147,0.005025018585148799
527,768388.0,0.07512792493895652,0.6037340323054609,4157.541526794434,0.8071645905104157,989.1117162888943,0.005410731982793112
528,649149.0,0.09110065991353221,0.6213795479998852,3678.806465268135,0.8422302951670451,909.1326510610463,0.005667121824524316
529,794252.0,0.009096347398964187,0.6354468438152796,4047.693769454956,0.8663170139652023,1005.62073113326,0.005096233650598243
530,631779.0,0.10054813187144242,0.6845992555629602,3497.5861238241196,0.8910060819744381,896.886841431647,0.005536091139186519
531,748441.5,0.1899274859272865,0.6673783845238148,3642.4216866493225,0.8989845545144324,976.189179780693,0.00486667519993122
532,897470.0,0.04346866469296774,0.5979944029850747,4921.119295120239,0.8318688244999352,1068.9687994574335,0.005483324562514891
533,811016.0,0.08810615293334195,0.5779035696776915,4400.761870145798,0.7903410727084824,1016.1779581416499,0.005426233107788007
534,785976.0,0.1396926427210577,0.5925383126164758,4417.815695405006,0.7770634705248156,1000.3677945699593,0.005620802283282195
535,627592.5,0.17389611983349182,0.6471333382827871,4078.3628120422363,0.8177564461308231,893.9102801619425,0.006498425032233872
536,644431.5,0.14471195525321373,0.5990654700816563,4040.4561764001846,0.7967270755895572,905.8232000081462,0.006269799313658914
537,722294.0,0.0811276490200239,0.6188723799666356,4378.664328575134,0.7939176805056583,958.9855492784757,0.00606216350762312
538,852850.5,0.06764988127937077,0.594669004853015,4807.063382029533,0.7898731258063351,1042.0570916927518,0.005636466628124781
539,779672.0,0.07848509126800401,0.6047653841798181,4648.13445186615,0.811578392940045,996.3479423990165,0.005961653684967717
540,867859.5,0.15013721010383968,0.5823411353732888,4740.935529112816,0.768544355642144,1051.1864890085326,0.005462791533782618
541,717654.5,0.21445698494622054,0.6280274469857672,4352.896864891052,0.8281839268816211,955.9006689280748,0.006065449133101029
542,678631.0,0.0508141237057603,0.6338436104832533,3961.870389699936,0.8437808508045765,929.5481835188364,0.005838033319580061
543,750019.5,0.13297759452332766,0.6299757339656445,3954.7892203330994,0.8486889228607088,977.2177273885766,0.0052729151979823185
544,882980.0,0.06487658725675007,0.6274997512685305,4849.580185890198,0.8144963337610381,1060.3042267246954,0.005492287691556091
545,847672.0,0.0554307626588934,0.5738556357097984,5176.079757452011,0.7555362438973303,1038.8885942990928,0.0061062294819836105
546,675073.0,0.7323088927684046,0.46882576359985917,4059.1193017959595,0.953022483957425,927.1082133079183,0.006012859797082626
547,570515.0,0.7202871008281828,0.4424534776859632,3868.443111538887,0.9253225162920601,852.2923552775663,0.00678061595495103
548,644916.5,0.7252352534005119,0.4132895894573798,4186.7589057683945,0.9112426578949971,906.1639977687232,0.006491939508088868
549,675111.5,0.7093673583927477,0.43703552414886015,4164.214747905731,0.9252304299829306,927.1346498246481,0.006168188140634149
550,686209.5,0.7720506326103059,0.44807244020450937,4143.989357113838,0.9446807719788048,934.7240616208313,0.006038956553521684
551,687694.5,0.7136984630703028,0.4620932042122918,4204.97002363205,0.9172653881936317,935.7349155059222,0.006114590161230095
552,624461.0,0.7965211864853357,0.39492853528965344,4180.682790160179,0.9400236488291872,891.6773179490799,0.006694866116795411
553,660302.0,0.7649853541723742,0.45256728173958577,4113.840083479881,0.9492239330786935,916.9092746110257,0.006230240228683059
554,712485.0,0.7103699676960077,0.46330423179614966,4222.006598949432,0.9325658863489114,952.4516140101987,0.005925748049361646
555,758423.5,0.6911685594325407,0.4756318357415212,4313.70508480072,0.9362253290235055,982.6773589823105,0.005687726032751781
556,846373.5,0.6609674654053966,0.5200451612903226,4400.332503557205,0.9471073658814703,1038.0925824876635,0.005199043334363854
557,777308.0,0.6870083899715287,0.48909443269908387,4371.864465475082,0.932680995305446,994.8363101731862,0.00562436571536004
558,738964.0,0.7049495110553592,0.4470806750702568,4351.829978823662,0.9290458523436607,969.9887560872419,0.005889096057214779
559,892648.0,0.5320733113341328,0.5410604359769476,4481.178170084953,0.9166617888833779,1066.0932103379862,0.005020095457655149
560,800550.5,0.7775123346264803,0.48389817804637153,4407.077668190002,0.9370972886762361,1009.6001952047686,0.0055050589165705375
561,816386.5,0.7197710569690007,0.4750647958595824,4495.930482029915,0.9443327243188784,1019.536941747543,0.005507110274398113
562,718252.0,0.7901437987132472,0.4554916315338214,4258.325360059738,0.9366209626467602,956.2985148399637,0.00592873442755431
563,787958.0,0.7137256084141307,0.458888824180304,4495.486827015877,0.9344913895904207,1001.6283168872719,0.005705236607808889
564,712556.0,0.7594056303234915,0.44543714422527536,4252.374131202698,0.9408586426424365,952.4990693109934,0.005967775348467626
565,749692.0,0.7958773796435951,0.46215235717478076,4274.173123598099,0.9461387987934929,977.0043504363701,0.005701238806867485
566,709227.0,0.7639334683466628,0.43526533788548394,4311.511212944984,0.9330117292948216,950.2714678416296,0.006079169593014627
567,680047.5,0.7860858876436098,0.4179003082414017,4320.959916591644,0.9316669988923527,930.5177963361505,0.006353908979286953
568,741521.0,0.765509568211692,0.45546434242086414,4403.438057184219,0.9287308497740548,971.6655085221264,0.005938386178117976
569,683718.0,0.776632054186276,0.4391935034218549,4253.7223308086395,0.916054650995314,933.0256132857426,0.006221457283278544
570,790672.5,0.750853772834243,0.4726985707948571,4370.557904839516,0.9567835127894229,1003.3521285842837,0.005527646281917628
571,765179.0,0.7610094274134083,0.44908824133579833,4431.40356695652,0.9221579473830097,987.0441538254037,0.005791329305896424
572,783598.5,0.6882864738123101,0.4935596514842405,4395.538565635681,0.9212855461590103,998.8536416288206,0.005609426977764354
573,696711.5,0.7493184446661046,0.41389621576664887,4339.351837038994,0.9162687291469123,941.8495809160571,0.0062283338756989
574,695175.5,0.718761174477306,0.45306960259859436,4212.533512830734,0.9366859121623897,940.810787103889,0.006059669123596465
575,701563.5,0.7339624813771496,0.4290908256880734,4276.214753746986,0.9340350055018536,945.1234794156832,0.006095264012091544
576,746529.5,0.7746439269194835,0.44619538581077045,4382.131494283676,0.9425818018825639,974.941475531413,0.005870004459681334
577,811706.0,0.6565388589250026,0.5097407042244676,4383.992321372032,0.9169684796533236,1016.6101405646119,0.00540096084219167
578,922767.5,0.5915827184408992,0.5824386786230281,4443.798447966576,0.9342295625023412,1083.9299200577518,0.004815729257875441
579,723073.0,0.7786740030706673,0.4196201051439767,4429.5700833797455,0.9425770426795685,959.5025468076092,0.006126034416137438
580,759667.0,0.7799907045393932,0.46047345297959935,4359.320307135582,0.9345836819054181,983.482620705789,0.005738462125030549
581,717298.5,0.7621556750685393,0.4392675918679292,4323.018797039986,0.9356569798421784,955.6635472692338,0.006026805851455127
582,664654.0,0.7916324234929529,0.41684739457051145,4231.427954077721,0.9396487983905969,919.9259515669752,0.006366361977927945
583,750896.0,0.7067237151421817,0.4800308898870141,4337.094913125038,0.9327605150395857,977.7885667072686,0.005775892950721589
584,729035.0,0.6884274409437485,0.45151271173319296,4266.5406531095505,0.9327517029258082,963.4501499797482,0.005852312513266922
585,601404.0,0.7664452528703531,0.37064651934171544,4236.3396372795105,0.911561398496252,875.0607722677927,0.0070440829081274995
586,948548.5,0.6380726231306535,0.5632393065711851,4539.715194106102,0.9401888111853455,1098.9674518834584,0.004785960015862238
587,594342.0,0.7111219827549607,0.6220922930064309,3703.2227714061737,0.9408567000631626,869.9078902372286,0.006230794342998095
588,668461.0,0.7616832538560074,0.495001562474545,4002.217713236809,0.9483350676747837,922.5567621090919,0.0059872119887873915
589,665185.5,0.7897319210169652,0.4495663063930101,4226.852275013924,0.9202350994614321,920.2936939827587,0.006354396292483711
590,684078.0,0.719741594170186,0.44888303861791284,4197.178170919418,0.9407692387032892,933.2712152870357,0.006135525730866098
591,717009.0,0.7322462461183393,0.47691450167716154,4224.242097258568,0.937126403956532,955.470676018377,0.005891477090606349
592,733747.0,0.766842855677107,0.45955118810516954,4320.266486883163,0.9259770596527273,966.5586874219234,0.005887951142400805
593,736671.0,0.761047604048633,0.4534693897651124,4312.575141310692,0.9471938262183852,968.4826527406658,0.00585413996385183
594,710010.5,0.8001816381021879,0.44147880777613,4314.793398499489,0.9296823544970427,950.7962167453052,0.006077083928335551
595,857949.5,0.6449329308224845,0.5177012350133868,4429.906094074249,0.942324273088029,1045.1675611048022,0.005163364620032122
596,683905.0,0.7521715180619772,0.43048631568346046,4266.859409332275,0.9334650011192217,933.1531979488155,0.006238965074582398
597,704713.5,0.8130514136429211,0.43345005363434175,4303.871605396271,0.9422286013782186,947.2428917171788,0.006107264307262839
598,726548.0,0.7884407219634116,0.4266786626019865,4391.511214733124,0.9376186060797291,961.8054089826294,0.006044351116145284
599,740823.5,0.7341294479734561,0.48248789910799883,4225.621823430061,0.9408770021419259,971.2084101103685,0.005703952187572426
600,727779.0,0.7875870465237053,0.42215636593973394,4457.687840342522,0.9276328619408455,962.6198640313901,0.006125056975184117
601,918897.5,0.6515865997837631,0.5715336412122343,4483.205522894859,0.926356055783138,1081.6545819060166,0.004878896202127941
